,Texas,Washington,Ohio
Washington,370.62379848034584,,455.3789630626342
Ohio,266.00751869073173,455.3789630626342,
Texas,,370.62379848034584,266.00751869073173
