,Washington,Alaska
Alaska,366.84874267196284,
Washington,,366.84874267196284
